b117,b1351,b16172,p1,ba1,ba2
ORF1ab:C913T,ORF1ab:C1059T,ORF1ab:C3037T,ORF1ab:T733C,ORF1ab:A2832G,ORF1ab:T670G
ORF1ab:C3037T,ORF1ab:C3037T,ORF1ab:G4181T,ORF1ab:C2749T,ORF1ab:C3037T,ORF1ab:C2790T
ORF1ab:C3267T,ORF1ab:G5230T,ORF1ab:C6402T,ORF1ab:C3037T,ORF1ab:T5386G,ORF1ab:C3037T
ORF1ab:C5388A,ORF1ab:A10323G,ORF1ab:C7124T,ORF1ab:C3828T,ORF1ab:GTT6513-,ORF1ab:G4184A
ORF1ab:C5986T,ORF1ab:TCTGGTTTT11288-,ORF1ab:C8986T,ORF1ab:A5648C,ORF1ab:G8393A,ORF1ab:C4321T
ORF1ab:T6954C,ORF1ab:C14408T,ORF1ab:G9053T,ORF1ab:A6319G,ORF1ab:C10029T,ORF1ab:C9344T
ORF1ab:TCTGGTTTT11288-,S:C21614T,ORF1ab:C10029T,ORF1ab:A6613G,ORF1ab:C10449A,ORF1ab:A9424G
ORF1ab:C14408T,S:A21801C,ORF1ab:A11201G,ORF1ab:TCTGGTTTT11288-,ORF1ab:GTTTGTCTG11283-,ORF1ab:C9534T
ORF1ab:C14676T,S:A22206G,ORF1ab:A11332G,ORF1ab:C12778T,ORF1ab:A11537G,ORF1ab:C9866T
ORF1ab:C15279T,S:CTTTACTTG22281-,ORF1ab:C14408T,ORF1ab:C13860T,ORF1ab:T13195C,ORF1ab:C10029T
ORF1ab:T16176C,S:G22813T,ORF1ab:G15451A,ORF1ab:C14408T,ORF1ab:C14408T,ORF1ab:C10198T
S:TACATG21765-,S:G23012A,ORF1ab:C16466T,ORF1ab:G17259T,ORF1ab:C15240T,ORF1ab:G10447A
S:TTA21991-,S:A23063T,ORF1ab:C19220T,S:C21614T,ORF1ab:A18163G,ORF1ab:C10449A
S:A23063T,S:A23403G,S:C21618G,S:C21621A,S:C21762T,ORF1ab:TCTGGTTTT11288-
S:C23271A,S:C23664T,S:G21987A,S:C21638T,S:TACATG21765-,ORF1ab:C12880T
S:A23403G,ORF3a:G25563T,S:AGTTCA22029-,S:G21974T,S:C21846T,ORF1ab:C14408T
S:C23604A,ORF3a:C25904T,S:T22917G,S:G22132T,S:GTGTTTATT21987-,ORF1ab:C15714T
S:C23709T,E:C26456T,S:C22995A,S:A22812C,S:ATT22194-,ORF1ab:C17410T
S:T24506G,ORF13:C28253T,S:A23403G,S:G23012A,S:-22205GAGCCAGAA,ORF1ab:A18163G
S:G24914C,N:C28887T,S:C23604G,S:A23063T,S:G22578A,ORF1ab:C19955T
ORF8:C27972T,,S:G24410A,S:A23403G,S:T22673C,ORF1ab:A20055G
ORF9:G28048T,,ORF3a:C25469T,S:C23525T,S:C22674T,S:C21618T
ORF10:A28111G,,M:T26767C,S:C24642T,S:T22679C,S:TACCCCCTG21633-
N:G28280C,,ORF7a:T27638C,S:G25088T,S:C22686T,S:G21987A
N:A28281T,,ORF7a:C27752T,ORF3a:T26149C,S:G22992A,S:T22200G
N:T28282A,,ORF7b:C27874T,ORF11:G28167A,S:C22995A,S:G22578A
N:G28881A,,ORF12:GATTTC28248-,N:C28512G,S:A23013C,S:C22674T
N:G28882A,,N:A28461G,N:A28877T,S:A23040G,S:T22679C
N:G28883C,,N:G28881T,N:G28878C,S:G23048A,S:C22686T
N:C28977T,,N:G28916T,N:G28881A,S:A23055G,S:A22688G
,,N:G29402T,N:G28882A,S:A23063T,S:G22775A
,,,N:G28883C,S:T23075C,S:A22786C
,,,,S:C23202A,S:C22792T
,,,,S:A23403G,S:G22813T
,,,,S:C23525T,S:T22882G
,,,,S:T23599G,S:G22992A
,,,,S:C23604A,S:C22995A
,,,,S:C23854A,S:A23013C
,,,,S:G23948T,S:A23040G
,,,,S:C24130A,S:A23055G
,,,,S:A24424T,S:A23063T
,,,,S:T24469A,S:T23075C
,,,,S:C24503T,S:A23403G
,,,,S:C25000T,S:C23525T
,,,,ORF3a:C25584T,S:T23599G
,,,,E:C26270T,S:C23604A
,,,,M:A26530G,S:C23854A
,,,,M:C26577G,S:G23948T
,,,,M:G26709A,S:A24424T
,,,,ORF6:A27259C,S:T24469A
,,,,ORF7b:C27807T,S:C25000T
,,,,N:C28311T,ORF3a:C25584T
,,,,N:GAGAACGCA28362-,ORF3a:C26060T
,,,,N:G28881A,E:C26270T
,,,,N:G28882A,M:C26577G
,,,,N:G28883C,M:G26709A
,,,,,M:C26858T
,,,,,ORF6:A27259C
,,,,,ORF7b:C27807T
,,,,,N:C28311T
,,,,,N:GAGAACGCA28362-
,,,,,N:G28881A
,,,,,N:G28882A
,,,,,N:G28883C